generalIngredientName,regionalName,region,ingredientType
Fennel seeds,Saunf ,Uttar Pradesh,spices
Fennel seeds,Variyali,Gujrat,spices
Fennel seeds,Badishep,Maharashtra,spices
Fennel seeds,Sombu,Tamil Nadu,spices
Fennel seeds,Sopuginja,Andhra Pradesh,spices
Fennel seeds,Perumjeerakam,Kerala,spices
Asafoetida,Hing,Uttar Pradesh,spices
Asafoetida,Hing,Gujrat,spices
Asafoetida,Hing,Maharashtra,spices
Asafoetida,Perungayam,Tamil Nadu,spices
Asafoetida,Inguva,Andhra Pradesh,spices
Asafoetida,Kayam,Kerala,spices
"Basil, holy",Tulsi,Uttar Pradesh,spices
"Basil, holy",Tulsi,Gujrat,spices
"Basil, holy",Tulsi,Maharashtra,spices
"Basil, holy",Thulasi,Tamil Nadu,spices
"Basil, holy",Thulasi Aakulu,Andhra Pradesh,spices
"Basil, holy",Sivatulasi,Kerala,spices
Bay leaf,Tej patta,Uttar Pradesh,spices
Bay leaf,Tamal patra,Gujrat,spices
Bay leaf,Tamal patri,Maharashtra,spices
Bay leaf,Brinji elai,Tamil Nadu,spices
Bay leaf,Talisapatri,Andhra Pradesh,spices
Bay leaf,Karuva ela,Kerala,spices
Black peppercorns,Kali mirch,Uttar Pradesh,spices
Black peppercorns,Kala mari,Gujrat,spices
Black peppercorns,Kali miri,Maharashtra,spices
Black peppercorns,Milagu,Tamil Nadu,spices
Black peppercorns,Miriyalu,Andhra Pradesh,spices
Black peppercorns,Krumulagu,Kerala,spices
Black salt,Kala namak,Uttar Pradesh,spices
Black salt,Sanchal,Gujrat,spices
Black salt,Kale mitha,Maharashtra,spices
Black salt,Karuppu uppu,Tamil Nadu,spices
Black salt,Nalla uppu,Andhra Pradesh,spices
Black salt,Karutha Uppu,Kerala,spices
Butter,Makkhan,Uttar Pradesh,spices
Butter,Makhan,Gujrat,spices
Butter,Loni,Maharashtra,spices
Butter,Vennai,Tamil Nadu,spices
Butter,Venna,Andhra Pradesh,spices
Butter,Venna,Kerala,spices
Caraway seed,Shahjeera,Uttar Pradesh,spices
Caraway seed,Shahi jeeru,Gujrat,spices
Caraway seed,Shajeera,Maharashtra,spices
Caraway seed,Karun Jeerakam,Tamil Nadu,spices
Caraway seed,Seema Sopyginjale,Andhra Pradesh,spices
Caraway seed,Seemajeerakam,Kerala,spices
Black Cardamom,Badi elaichi,Uttar Pradesh,spices
Black Cardamom,Moti elaychi,Gujrat,spices
Black Cardamom,Veldoda,Maharashtra,spices
Black Cardamom,Periya elakkai,Tamil Nadu,spices
Black Cardamom,Yalakullu,Andhra Pradesh,spices
Black Cardamom,Karutta elam,Kerala,spices
Green cardamom,Choti elaichi,Uttar Pradesh,spices
Green cardamom,Elaychi,Gujrat,spices
Green cardamom,Veldoda,Maharashtra,spices
Green cardamom,Elakkai,Tamil Nadu,spices
Green cardamom,Yalakullu,Andhra Pradesh,spices
Green cardamom,Elam,Kerala,spices
Carom seed,Ajwain,Uttar Pradesh,spices
Carom seed,Ajamo,Gujrat,spices
Carom seed,Ova,Maharashtra,spices
Carom seed,Keram Vitai,Tamil Nadu,spices
Carom seed,Karom sid,Andhra Pradesh,spices
Carom seed,Kaream viit,Kerala,spices
Cinnamon stick,Dalchini,Uttar Pradesh,spices
Cinnamon stick,Taj,Gujrat,spices
Cinnamon stick,Dalchini,Maharashtra,spices
Cinnamon stick,Lavanga pattai,Tamil Nadu,spices
Cinnamon stick,Dalchina Chekka,Andhra Pradesh,spices
Cinnamon stick,Karuva patta,Kerala,spices
Citric acid,Nimboo sat,Uttar Pradesh,spices
Citric acid,Limbu na phool (Saji na phool),Gujrat,spices
Citric acid,Limbacya rasamadhye sapadanare amla,Maharashtra,spices
Citric acid,Citrik amilam,Tamil Nadu,spices
Citric acid,Nimma uppu,Andhra Pradesh,spices
Citric acid,Sitrik acid,Kerala,spices
Clarified butter,Ghee,Uttar Pradesh,spices
Clarified butter,Ghee,Gujrat,spices
Clarified butter,Tup,Maharashtra,spices
Clarified butter,Nei,Tamil Nadu,spices
Clarified butter,Neyyi,Andhra Pradesh,spices
Clarified butter,Ney,Kerala,spices
Cloves,Laung,Uttar Pradesh,spices
Cloves,Laving,Gujrat,spices
Cloves,Lavang,Maharashtra,spices
Cloves,Krambu,Tamil Nadu,spices
Cloves,Lavangalu,Andhra Pradesh,spices
Cloves,Grambu,Kerala,spices
Coriander seed,Sabut dhaniya,Uttar Pradesh,spices
Coriander seed,Dhana,Gujrat,spices
Coriander seed,Dhanay,Maharashtra,spices
Coriander seed,Kothamalliverai,Tamil Nadu,spices
Coriander seed,Dhaniyalu,Andhra Pradesh,spices
Coriander seed,Kothamalli,Kerala,spices
Coriander leaves,Hara Dhania,Uttar Pradesh,spices
Coriander leaves,Kothmir (Dhana),Gujrat,spices
Coriander leaves,Kothimbir,Maharashtra,spices
Coriander leaves,Kothamalli,Tamil Nadu,spices
Coriander leaves,Kothimeera,Andhra Pradesh,spices
Coriander leaves,Kothamalli,Kerala,spices
Cumin seed,Jeera,Uttar Pradesh,spices
Cumin seed,Jiru,Gujrat,spices
Cumin seed,Jira,Maharashtra,spices
Cumin seed,Jeeragam,Tamil Nadu,spices
Cumin seed,Jeelakara,Andhra Pradesh,spices
Cumin seed,Jeerakam,Kerala,spices
Curry leaf,Kari patta,Uttar Pradesh,spices
Curry leaf,Mitho limdo,Gujrat,spices
Curry leaf,Kadhilimbachi pana,Maharashtra,spices
Curry leaf,Karuvepillai,Tamil Nadu,spices
Curry leaf,Karivepaku,Andhra Pradesh,spices
Curry leaf,Kariveppela,Kerala,spices
Dill leaves,Suva bhaji,Uttar Pradesh,spices
Dill leaves,Sava ni bhaji,Gujrat,spices
Dill leaves,Shepu,Maharashtra,spices
Dill leaves,Sathakuppi Sompa,Tamil Nadu,spices
Dill leaves,Soya Koora,Andhra Pradesh,spices
Dill leaves,Sathakuppa,Kerala,spices
Dried mango powder,Amchur,Uttar Pradesh,spices
Dried mango powder,amchur,Gujrat,spices
Dried mango powder,Amchur,Maharashtra,spices
Dried mango powder,Mangai podi,Tamil Nadu,spices
Dried mango powder,Mamidikaya Pudi,Andhra Pradesh,spices
Dried mango powder,Manga Podi,Kerala,spices
Dry Pomegranate seeds,Anardana,Uttar Pradesh,spices
Dry Pomegranate seeds,Dadam na dana,Gujrat,spices
Dry Pomegranate seeds,Dalimbache Dane,Maharashtra,spices
Dry Pomegranate seeds,Maadhulai Vidhai,Tamil Nadu,spices
Dry Pomegranate seeds,Daanimma Ginjalu,Andhra Pradesh,spices
Dry Pomegranate seeds,Madhalanaranga,Kerala,spices
Dried red chili,Sukhi lal mirch,Uttar Pradesh,spices
Dried red chili,Suku lal marchu,Gujrat,spices
Dried red chili,Mirchya,Maharashtra,spices
Dried red chili,Vatral milagai,Tamil Nadu,spices
Dried red chili,Erra Mirapa Kayalu,Andhra Pradesh,spices
Dried red chili,Vattalmulaku,Kerala,spices
Dried fenugreek leaves,Kasoori methi,Uttar Pradesh,spices
Dried fenugreek leaves,kasoori methi,Gujrat,spices
Dried fenugreek leaves,Valalelya methici pane,Maharashtra,spices
Dried fenugreek leaves,Venthiya Keera,Tamil Nadu,spices
Dried fenugreek leaves,Menthikora,Andhra Pradesh,spices
Dried fenugreek leaves,Unanniya uluva ilakal,Kerala,spices
Fenugreek seed,Methi ke dane,Uttar Pradesh,spices
Fenugreek seed,Methi na dana,Gujrat,spices
Fenugreek seed,Methi,Maharashtra,spices
Fenugreek seed,Vendayam,Tamil Nadu,spices
Fenugreek seed,Menthulu,Andhra Pradesh,spices
Fenugreek seed,Uluva,Kerala,spices
Dried ginger powder,Saunth,Uttar Pradesh,spices
Dried ginger powder,Sunth,Gujrat,spices
Dried ginger powder,Suntha,Maharashtra,spices
Dried ginger powder,Sukku,Tamil Nadu,spices
Dried ginger powder,Sonti,Andhra Pradesh,spices
Dried ginger powder,Chukku,Kerala,spices
Honey,Shahad,Uttar Pradesh,spices
Honey,Madh,Gujrat,spices
Honey,Madh,Maharashtra,spices
Honey,Then,Tamil Nadu,spices
Honey,Theene,Andhra Pradesh,spices
Honey,Thean,Kerala,spices
Jaggery,Gur,Uttar Pradesh,spices
Jaggery,Gol (Gor),Gujrat,spices
Jaggery,Gul,Maharashtra,spices
Jaggery,Vellam,Tamil Nadu,spices
Jaggery,Bellam,Andhra Pradesh,spices
Jaggery,Sharkkara,Kerala,spices
Mace,Javitri,Uttar Pradesh,spices
Mace,Javintri,Gujrat,spices
Mace,Jaipatri,Maharashtra,spices
Mace,Jadipattri,Tamil Nadu,spices
Mace,Japathri,Andhra Pradesh,spices
Mace,Jathipathri,Kerala,spices
Mint leaves,Pudina,Uttar Pradesh,spices
Mint leaves,fudino,Gujrat,spices
Mint leaves,Pudina,Maharashtra,spices
Mint leaves,Pudina,Tamil Nadu,spices
Mint leaves,Pudina akku,Andhra Pradesh,spices
Mint leaves,Pudinaa,Kerala,spices
Milk,Doodh,Uttar Pradesh,Dairy Product
Milk,Doodh,Gujrat,Dairy Product
Milk,Dudh,Maharashtra,Dairy Product
Milk,Paal,Tamil Nadu,Dairy Product
Milk,Palu,Andhra Pradesh,Dairy Product
Milk,Paal,Kerala,Dairy Product
Mustard seed,"Rai ,Sarso",Uttar Pradesh,spices
Mustard seed,Rai,Gujrat,spices
Mustard seed,Mohri,Maharashtra,spices
Mustard seed,Kadugu,Tamil Nadu,spices
Mustard seed,Aavaalu,Andhra Pradesh,spices
Mustard seed,Kaduku,Kerala,spices
Nigella seed (Onion seed),Kalonji,Uttar Pradesh,spices
Nigella seed (Onion seed),Dungali bija,Gujrat,spices
Nigella seed (Onion seed),Kanda biyane,Maharashtra,spices
Nigella seed (Onion seed),Karuppu yel,Tamil Nadu,spices
Nigella seed (Onion seed),Nalla vittanalu,Andhra Pradesh,spices
Nigella seed (Onion seed),karinjirakam,Kerala,spices
Nutmeg,Jaiphal,Uttar Pradesh,spices
Nutmeg,Jaiphal,Gujrat,spices
Nutmeg,Jaiphal,Maharashtra,spices
Nutmeg,Jhadhikkai,Tamil Nadu,spices
Nutmeg,Jajikayi,Andhra Pradesh,spices
Nutmeg,Jathi,Kerala,spices
Red chili powder,Lal mirch powder,Uttar Pradesh,spices
Red chili powder,Lal marchu,Gujrat,spices
Red chili powder,Lal mirchya,Maharashtra,spices
Red chili powder,Mulakupodi,Tamil Nadu,spices
Red chili powder,Erra Mirapa Kayalu,Andhra Pradesh,spices
Red chili powder,Mulakupodi,Kerala,spices
Rock salt,Sendha namak,Uttar Pradesh,spices
Rock salt,Sendhalu mithu,Gujrat,spices
Rock salt,Saindhav meeth,Maharashtra,spices
Rock salt,Kal uppu,Tamil Nadu,spices
Rock salt,Ralu Uppu,Andhra Pradesh,spices
Rock salt,Para upp,Kerala,spices
Rose water,Gulab jal,Uttar Pradesh,spices
Rose water,Gulab jal,Gujrat,spices
Rose water,Gulab pani,Maharashtra,spices
Rose water,Kulap jal,Tamil Nadu,spices
Rose water,Gulab jal,Andhra Pradesh,spices
Rose water,Gulab jal,Kerala,spices
Saffron,Kesar,Uttar Pradesh,spices
Saffron,Kesar,Gujrat,spices
Saffron,Keshar,Maharashtra,spices
Saffron,Kungumappu,Tamil Nadu,spices
Saffron,Kukumpoovu,Andhra Pradesh,spices
Saffron,Kumkumappovu,Kerala,spices
Salt,Namak,Uttar Pradesh,spices
Salt,Mithu,Gujrat,spices
Salt,Meeth,Maharashtra,spices
Salt,Uppu,Tamil Nadu,spices
Salt,Uppu,Andhra Pradesh,spices
Salt,Uppu,Kerala,spices
Star anise,Chakraphool,Uttar Pradesh,spices
Star anise,Cakraph?la,Gujrat,spices
Star anise,Badian,Maharashtra,spices
Star anise,Anashuppu,Tamil Nadu,spices
Star anise,Anaspuvu,Andhra Pradesh,spices
Star anise,Takkolam,Kerala,spices
Sugar,Shakkar,Uttar Pradesh,spices
Sugar,Khand,Gujrat,spices
Sugar,Saakhar,Maharashtra,spices
Sugar,Chakkarai,Tamil Nadu,spices
Sugar,Chakara,Andhra Pradesh,spices
Sugar,Panjasara,Kerala,spices
Tamarind,Imli,Uttar Pradesh,spices
Tamarind,Aambali,Gujrat,spices
Tamarind,Chincha,Maharashtra,spices
Tamarind,Puli,Tamil Nadu,spices
Tamarind,Chinthapandu,Andhra Pradesh,spices
Tamarind,Vaallan puli,Kerala,spices
Turmeric,Haldi,Uttar Pradesh,spices
Turmeric,Haldar,Gujrat,spices
Turmeric,Halad,Maharashtra,spices
Turmeric,Manjal,Tamil Nadu,spices
Turmeric,Pasupu,Andhra Pradesh,spices
Turmeric,Manjal,Kerala,spices
Vinegar,Sirka,Uttar Pradesh,spices
Vinegar,Sirko,Gujrat,spices
Vinegar,Shirka,Maharashtra,spices
Vinegar,Pulikaadi,Tamil Nadu,spices
Vinegar,Vinegar,Andhra Pradesh,spices
Vinegar,Chorukka,Kerala,spices
Amaranth leaves,Chauli bhaji,Uttar Pradesh,vegetables
Amaranth leaves,Cauli bhaji,Gujrat,vegetables
Amaranth leaves,Lal math,Maharashtra,vegetables
Amaranth leaves,Molaikeerai,Tamil Nadu,vegetables
Amaranth leaves,Totakura,Andhra Pradesh,vegetables
Amaranth leaves,Chuvanna cheera,Kerala,vegetables
Ash gourd,Petha-,Uttar Pradesh,vegetables
Ash gourd,Petha,Gujrat,vegetables
Ash gourd,Kohla,Maharashtra,vegetables
Ash gourd,Poosanikai (Pushini Kaiy),Tamil Nadu,vegetables
Ash gourd,Boodida gummadikaya,Andhra Pradesh,vegetables
Ash gourd,Kumbalanga,Kerala,vegetables
Banana flower,Kele ka phool,Uttar Pradesh,vegetables
Banana flower,kela na ful,Gujrat,vegetables
Banana flower,Kelful,Maharashtra,vegetables
Banana flower,Vazhaipoo,Tamil Nadu,vegetables
Banana flower,Arati Puvvu,Andhra Pradesh,vegetables
Banana flower,Pazham Vazhakudappan,Kerala,vegetables
Beetroot,Chukandar,Uttar Pradesh,vegetables
Beetroot,Beet,Gujrat,vegetables
Beetroot,Beet,Maharashtra,vegetables
Beetroot,Beetroot kijangu,Tamil Nadu,vegetables
Beetroot,Beetroot,Andhra Pradesh,vegetables
Beetroot,Beetroot,Kerala,vegetables
Bell Pepper (Capsicum),Shimla mirch,Uttar Pradesh,vegetables
Bell Pepper (Capsicum),Bholak marchu,Gujrat,vegetables
Bell Pepper (Capsicum),Bhopli/bhongi mirchi,Maharashtra,vegetables
Bell Pepper (Capsicum),Kudamilagai,Tamil Nadu,vegetables
Bell Pepper (Capsicum),Capsicum,Andhra Pradesh,vegetables
Bell Pepper (Capsicum),Kuda mulagu,Kerala,vegetables
Bitter gourd,Karela,Uttar Pradesh,vegetables
Bitter gourd,karelu,Gujrat,vegetables
Bitter gourd,Karla,Maharashtra,vegetables
Bitter gourd,Pavara kaiy,Tamil Nadu,vegetables
Bitter gourd,Kakara kayi,Andhra Pradesh,vegetables
Bitter gourd,Pavakka,Kerala,vegetables
Bottlegourd,Lauki,Uttar Pradesh,vegetables
Bottlegourd,Dudhi,Gujrat,vegetables
Bottlegourd,Dudhi Bhopla,Maharashtra,vegetables
Bottlegourd,Sura kaiy,Tamil Nadu,vegetables
Bottlegourd,Sorakaya,Andhra Pradesh,vegetables
Bottlegourd,Churakka,Kerala,vegetables
"Broad beans (fava beans, lima beans, butter beans)",Sem ki phalli,Uttar Pradesh,vegetables
"Broad beans (fava beans, lima beans, butter beans)",valpapdi,Gujrat,vegetables
"Broad beans (fava beans, lima beans, butter beans)",valpapdi,Maharashtra,vegetables
"Broad beans (fava beans, lima beans, butter beans)",Avara kaiy,Tamil Nadu,vegetables
"Broad beans (fava beans, lima beans, butter beans)",Pedda Chikkudu,Andhra Pradesh,vegetables
"Broad beans (fava beans, lima beans, butter beans)",Amarakka,Kerala,vegetables
Cabbage,Patta gobi,Uttar Pradesh,vegetables
Cabbage,Kobi,Gujrat,vegetables
Cabbage,Kobi,Maharashtra,vegetables
Cabbage,Muttaikos,Tamil Nadu,vegetables
Cabbage,Cabbage,Andhra Pradesh,vegetables
Cabbage,Muttakoos,Kerala,vegetables
Carrot,Gajar,Uttar Pradesh,vegetables
Carrot,Gajar,Gujrat,vegetables
Carrot,Gaajar,Maharashtra,vegetables
Carrot,Carrot,Tamil Nadu,vegetables
Carrot,Gajjara gadda,Andhra Pradesh,vegetables
Carrot,Carrot,Kerala,vegetables
Cauliflower,Phool gobi,Uttar Pradesh,vegetables
Cauliflower,koli flower,Gujrat,vegetables
Cauliflower,Phulkobi,Maharashtra,vegetables
Cauliflower,Kovippu,Tamil Nadu,vegetables
Cauliflower,Cauliflower,Andhra Pradesh,vegetables
Cauliflower,Cauliflower,Kerala,vegetables
Cluster beans,Gawar ki phalli,Uttar Pradesh,vegetables
Cluster beans,Gavar,Gujrat,vegetables
Cluster beans,Gavar,Maharashtra,vegetables
Cluster beans,Kothavarangai,Tamil Nadu,vegetables
Cluster beans,Goruchikkudu,Andhra Pradesh,vegetables
Cluster beans,Kothamara,Kerala,vegetables
Coconut (fresh),Nariyal,Uttar Pradesh,vegetables
Coconut (fresh),Naliyer,Gujrat,vegetables
Coconut (fresh),Naral,Maharashtra,vegetables
Coconut (fresh),Thengai,Tamil Nadu,vegetables
Coconut (fresh),Kobbari Kaaya,Andhra Pradesh,vegetables
Coconut (fresh),Thenga,Kerala,vegetables
Colocasia leaves (Taro leaves),Arbi patta,Uttar Pradesh,vegetables
Colocasia leaves (Taro leaves),Patra,Gujrat,vegetables
Colocasia leaves (Taro leaves),Aluchi pana,Maharashtra,vegetables
Colocasia leaves (Taro leaves),Chepankizhangu,Tamil Nadu,vegetables
Colocasia leaves (Taro leaves),Chemagadda,Andhra Pradesh,vegetables
Colocasia leaves (Taro leaves),Chembu,Kerala,vegetables
Colocasia roots (Taro roots),Arbi,Uttar Pradesh,vegetables
Colocasia roots (Taro roots),Arvi,Gujrat,vegetables
Colocasia roots (Taro roots),Alu,Maharashtra,vegetables
Colocasia roots (Taro roots),Chepankizhangu,Tamil Nadu,vegetables
Colocasia roots (Taro roots),Chemagadda,Andhra Pradesh,vegetables
Colocasia roots (Taro roots),Chembu,Kerala,vegetables
Coriander leaves (Cilantro),Hara Dhania,Uttar Pradesh,vegetables
Coriander leaves (Cilantro),Kothmir (Dhana),Gujrat,vegetables
Coriander leaves (Cilantro),Kothimbir,Maharashtra,vegetables
Coriander leaves (Cilantro),Kothamalli,Tamil Nadu,vegetables
Coriander leaves (Cilantro),Kothimeera,Andhra Pradesh,vegetables
Coriander leaves (Cilantro),Kothamalli,Kerala,vegetables
Corn,Makkai,Uttar Pradesh,vegetables
Corn,Makai,Gujrat,vegetables
Corn,Maka,Maharashtra,vegetables
Corn,Cholam,Tamil Nadu,vegetables
Corn,Mokkajonna Kandelu,Andhra Pradesh,vegetables
Corn,Cholam,Kerala,vegetables
Cucumber,Kheera,Uttar Pradesh,vegetables
Cucumber,Kakdi,Gujrat,vegetables
Cucumber,Kakdi,Maharashtra,vegetables
Cucumber,Velleri Kaiy,Tamil Nadu,vegetables
Cucumber,Kheera Dosakaya,Andhra Pradesh,vegetables
Cucumber,Vellarikka,Kerala,vegetables
Curry leaves,Kari patta,Uttar Pradesh,vegetables
Curry leaves,Mitho limdo,Gujrat,vegetables
Curry leaves,Kadhilimbachi pana,Maharashtra,vegetables
Curry leaves,Karuvepillai,Tamil Nadu,vegetables
Curry leaves,Karivepaku,Andhra Pradesh,vegetables
Curry leaves,Kariveppela,Kerala,vegetables
Dill leaves,Suva bhaji,Uttar Pradesh,vegetables
Dill leaves,Sava ni bhaji,Gujrat,vegetables
Dill leaves,Shepu,Maharashtra,vegetables
Dill leaves,Sathakuppi Sompa,Tamil Nadu,vegetables
Dill leaves,Soya Koora,Andhra Pradesh,vegetables
Dill leaves,Sathakuppa,Kerala,vegetables
Drumsticks,Surjan ki phalli,Uttar Pradesh,vegetables
Drumsticks,Saragva ni singh,Gujrat,vegetables
Drumsticks,Shevgyachya shenga,Maharashtra,vegetables
Drumsticks,Murungaikkai,Tamil Nadu,vegetables
Drumsticks,Mulakada,Andhra Pradesh,vegetables
Drumsticks,Muringakayi,Kerala,vegetables
Eggplant (Brinjal or Aubergine),Baingan,Uttar Pradesh,vegetables
Eggplant (Brinjal or Aubergine),Ringan,Gujrat,vegetables
Eggplant (Brinjal or Aubergine),Vanga,Maharashtra,vegetables
Eggplant (Brinjal or Aubergine),Kathirikai,Tamil Nadu,vegetables
Eggplant (Brinjal or Aubergine),Vankaya,Andhra Pradesh,vegetables
Eggplant (Brinjal or Aubergine),Vazhuthananga,Kerala,vegetables
Elephant Yam,Zimikand or Suran,Uttar Pradesh,vegetables
Elephant Yam,Suran,Gujrat,vegetables
Elephant Yam,Suran,Maharashtra,vegetables
Elephant Yam,Chenai kizhangu,Tamil Nadu,vegetables
Elephant Yam,Kanda gadda,Andhra Pradesh,vegetables
Elephant Yam,Chena,Kerala,vegetables
Fenugreek leaves,Methi,Uttar Pradesh,vegetables
Fenugreek leaves,Methi ni bhaji,Gujrat,vegetables
Fenugreek leaves,Methi bhaji,Maharashtra,vegetables
Fenugreek leaves,Vendayakeerai,Tamil Nadu,vegetables
Fenugreek leaves,Menthi kura,Andhra Pradesh,vegetables
Fenugreek leaves,Uluva,Kerala,vegetables
French Beans (Green beans),Farash beans,Uttar Pradesh,vegetables
French Beans (Green beans),Fansi,Gujrat,vegetables
French Beans (Green beans),Shravan ghevda,Maharashtra,vegetables
French Beans (Green beans),Beans,Tamil Nadu,vegetables
French Beans (Green beans),Beans,Andhra Pradesh,vegetables
French Beans (Green beans),Beans,Kerala,vegetables
Garlic,Lahsun,Uttar Pradesh,vegetables
Garlic,Lasan,Gujrat,vegetables
Garlic,Lassun,Maharashtra,vegetables
Garlic,Poondu,Tamil Nadu,vegetables
Garlic,Vellulli,Andhra Pradesh,vegetables
Garlic,Velluthulli,Kerala,vegetables
Ginger,Adrak,Uttar Pradesh,vegetables
Ginger,Aadu,Gujrat,vegetables
Ginger,Suntha,Maharashtra,vegetables
Ginger,Inji,Tamil Nadu,vegetables
Ginger,Allam,Andhra Pradesh,vegetables
Ginger,Inji,Kerala,vegetables
Green chili,Hari mirch,Uttar Pradesh,vegetables
Green chili,Lila marcha,Gujrat,vegetables
Green chili,Hirvya mirchya,Maharashtra,vegetables
Green chili,Pachai Milagai,Tamil Nadu,vegetables
Green chili,Pacchi Mirapakaya,Andhra Pradesh,vegetables
Green chili,Pachchamulaku,Kerala,vegetables
Green onion (Scallian or Spring onion),Hari pyaz,Uttar Pradesh,vegetables
Green onion (Scallian or Spring onion),Lili Dungri,Gujrat,vegetables
Green onion (Scallian or Spring onion),Kanda path,Maharashtra,vegetables
Green onion (Scallian or Spring onion),Pallari Vengayam,Tamil Nadu,vegetables
Green onion (Scallian or Spring onion),Vulli Kada,Andhra Pradesh,vegetables
Green onion (Scallian or Spring onion),Ulli Thal,Kerala,vegetables
Green peas,Matar,Uttar Pradesh,vegetables
Green peas,Vatana,Gujrat,vegetables
Green peas,Matar,Maharashtra,vegetables
Green peas,Pattani,Tamil Nadu,vegetables
Green peas,Pachi batani,Andhra Pradesh,vegetables
Green peas,Pattani,Kerala,vegetables
Ivy gourd,Tendli,Uttar Pradesh,vegetables
Ivy gourd,Tindora,Gujrat,vegetables
Ivy gourd,Tondli,Maharashtra,vegetables
Ivy gourd,Kovaikkai,Tamil Nadu,vegetables
Ivy gourd,Dondakaya,Andhra Pradesh,vegetables
Ivy gourd,Kovaykka,Kerala,vegetables
Jackfruit,Kathal,Uttar Pradesh,vegetables
Jackfruit,Phanas,Gujrat,vegetables
Jackfruit,Phanas,Maharashtra,vegetables
Jackfruit,Pala Pazham,Tamil Nadu,vegetables
Jackfruit,Panasakai,Andhra Pradesh,vegetables
Jackfruit,Chakka,Kerala,vegetables
Lemon (Lime),Nimbu,Uttar Pradesh,vegetables
Lemon (Lime),Limbu,Gujrat,vegetables
Lemon (Lime),Limbu,Maharashtra,vegetables
Lemon (Lime),Elumichampazham,Tamil Nadu,vegetables
Lemon (Lime),Nimmakaya,Andhra Pradesh,vegetables
Lemon (Lime),Cherunaranga,Kerala,vegetables
Mint leaves,Pudina,Uttar Pradesh,vegetables
Mint leaves,fudino,Gujrat,vegetables
Mint leaves,Pudina,Maharashtra,vegetables
Mint leaves,Pudina,Tamil Nadu,vegetables
Mint leaves,Pudina akku,Andhra Pradesh,vegetables
Mint leaves,Pudinaa,Kerala,vegetables
Mushroom,Khumbh,Uttar Pradesh,vegetables
Mushroom,Mushroom,Gujrat,vegetables
Mushroom,Khumbh,Maharashtra,vegetables
Mushroom,Kaalan,Tamil Nadu,vegetables
Mushroom,Kukka Godugu,Andhra Pradesh,vegetables
Mushroom,Koon,Kerala,vegetables
Mustard leaves,Sarso ka saag,Uttar Pradesh,vegetables
Mustard leaves,Rai limba,Gujrat,vegetables
Mustard leaves,Rai chi paan,Maharashtra,vegetables
Mustard leaves,Katuku ilaikal,Tamil Nadu,vegetables
Mustard leaves,Aava aaku,Andhra Pradesh,vegetables
Mustard leaves,Kaduguila,Kerala,vegetables
Okra (Ladies’ finger),Bhindi,Uttar Pradesh,vegetables
Okra (Ladies’ finger),Bhinda,Gujrat,vegetables
Okra (Ladies’ finger),Bhendi,Maharashtra,vegetables
Okra (Ladies’ finger),Vendaikkai,Tamil Nadu,vegetables
Okra (Ladies’ finger),Bendakaya,Andhra Pradesh,vegetables
Okra (Ladies’ finger),Bendakaya,Kerala,vegetables
Onion,Pyaaz,Uttar Pradesh,vegetables
Onion,Dungari (Kanda),Gujrat,vegetables
Onion,Kanda,Maharashtra,vegetables
Onion,Vengayam,Tamil Nadu,vegetables
Onion,Ullipaya,Andhra Pradesh,vegetables
Onion,Ulli,Kerala,vegetables
Plantain (raw banana),kachha kela,Uttar Pradesh,vegetables
Plantain (raw banana),Kacha kela,Gujrat,vegetables
Plantain (raw banana),Kacca keli,Maharashtra,vegetables
Plantain (raw banana),Vazhaikkai,Tamil Nadu,vegetables
Plantain (raw banana),Pachi Aratikaya,Andhra Pradesh,vegetables
Plantain (raw banana),Kaya (Nenthrakaya),Kerala,vegetables
Potato,Aloo,Uttar Pradesh,vegetables
Potato,Batata (Bataka),Gujrat,vegetables
Potato,Batata,Maharashtra,vegetables
Potato,Urulaikizhangu,Tamil Nadu,vegetables
Potato,Bangala Dumpa (Alugadda),Andhra Pradesh,vegetables
Potato,Urulakhizhangu,Kerala,vegetables
Pumpkin,Kaddu,Uttar Pradesh,vegetables
Pumpkin,Kolu,Gujrat,vegetables
Pumpkin,Lal bhopla,Maharashtra,vegetables
Pumpkin,Seetaphul,Tamil Nadu,vegetables
Pumpkin,Gummadikaya,Andhra Pradesh,vegetables
Pumpkin,Mathanga,Kerala,vegetables
Radish (Daikon),Mooli,Uttar Pradesh,vegetables
Radish (Daikon),Mula,Gujrat,vegetables
Radish (Daikon),Mula,Maharashtra,vegetables
Radish (Daikon),Mullangi,Tamil Nadu,vegetables
Radish (Daikon),Mullangi,Andhra Pradesh,vegetables
Radish (Daikon),Mullangi,Kerala,vegetables
Ridge gourd,Turai,Uttar Pradesh,vegetables
Ridge gourd,Turia,Gujrat,vegetables
Ridge gourd,Dodka,Maharashtra,vegetables
Ridge gourd,Peerkangai,Tamil Nadu,vegetables
Ridge gourd,Beerakaya,Andhra Pradesh,vegetables
Ridge gourd,Peechinga,Kerala,vegetables
Shallot (pearl onion),Chota pyaaz or Sambar onion,Uttar Pradesh,vegetables
Shallot (pearl onion),Nani dungari,Gujrat,vegetables
Shallot (pearl onion),Chote kande,Maharashtra,vegetables
Shallot (pearl onion),China (Sambar vebgayam),Tamil Nadu,vegetables
Shallot (pearl onion),Ullipaaya,Andhra Pradesh,vegetables
Shallot (pearl onion),Cheriya ulli,Kerala,vegetables
Snake gourd,Chirchinda,Uttar Pradesh,vegetables
Snake gourd,Parval,Gujrat,vegetables
Snake gourd,Padval,Maharashtra,vegetables
Snake gourd,Pudalang kaiy,Tamil Nadu,vegetables
Snake gourd,Potlakaya,Andhra Pradesh,vegetables
Snake gourd,Padavalanga,Kerala,vegetables
Sorrel leaves,Pitwaa,Uttar Pradesh,vegetables
Sorrel leaves,Sorela pandada,Gujrat,vegetables
Sorrel leaves,Ambadi,Maharashtra,vegetables
Sorrel leaves,Pulicha keerai,Tamil Nadu,vegetables
Sorrel leaves,Gongura,Andhra Pradesh,vegetables
Sorrel leaves,Gongura,Kerala,vegetables
Spinach,Palak,Uttar Pradesh,vegetables
Spinach,Palak,Gujrat,vegetables
Spinach,Palak,Maharashtra,vegetables
Spinach,Pasala keerai,Tamil Nadu,vegetables
Spinach,Palakura,Andhra Pradesh,vegetables
Spinach,Palak cheera,Kerala,vegetables
Sweet potato,Shakarkandi,Uttar Pradesh,vegetables
Sweet potato,Shakkariya,Gujrat,vegetables
Sweet potato,Ratala,Maharashtra,vegetables
Sweet potato,Valli kijangu,Tamil Nadu,vegetables
Sweet potato,Chilakada Dumpa,Andhra Pradesh,vegetables
Sweet potato,Madhura Kizhangue,Kerala,vegetables
Apple,Seb,Uttar Pradesh,fruits
Apple,Safarjan,Gujrat,fruits
Apple,Safarchand,Maharashtra,fruits
Apple,Applepazham,Tamil Nadu,fruits
Apple,Sema regu,Andhra Pradesh,fruits
Apple,Apple,Kerala,fruits
Apricot,Khoobani,Uttar Pradesh,fruits
Apricot,Jardalu,Gujrat,fruits
Apricot,Jardaloo,Maharashtra,fruits
Apricot,Sarkkarai Badami,Tamil Nadu,fruits
Apricot,Seema badam,Andhra Pradesh,fruits
Apricot,Sheema pazham,Kerala,fruits
Avocado (Butterfruit),Makhanphal,Uttar Pradesh,fruits
Avocado (Butterfruit),Evokado,Gujrat,fruits
Avocado (Butterfruit),Alpukat,Maharashtra,fruits
Avocado (Butterfruit),Vennai pazham,Tamil Nadu,fruits
Avocado (Butterfruit),Venna Pandu,Andhra Pradesh,fruits
Avocado (Butterfruit),Avocado,Kerala,fruits
Banana,Kela,Uttar Pradesh,fruits
Banana,Kela,Gujrat,fruits
Banana,Kela,Maharashtra,fruits
Banana,Vazhaikkai,Tamil Nadu,fruits
Banana,Arati pandu,Andhra Pradesh,fruits
Banana,Pazham,Kerala,fruits
Cantaloupe (Musk melon),Kharbooja,Uttar Pradesh,fruits
Cantaloupe (Musk melon),Teti,Gujrat,fruits
Cantaloupe (Musk melon),Kharbooj,Maharashtra,fruits
Cantaloupe (Musk melon),Parangi pazham,Tamil Nadu,fruits
Cantaloupe (Musk melon),Kharbooja,Andhra Pradesh,fruits
Cantaloupe (Musk melon),Kantlop,Kerala,fruits
Custard apple,Sitaphal,Uttar Pradesh,fruits
Custard apple,Sitafal,Gujrat,fruits
Custard apple,Sithaphal,Maharashtra,fruits
Custard apple,Seetha pazham,Tamil Nadu,fruits
Custard apple,Sitaphalam,Andhra Pradesh,fruits
Custard apple,Seethappazham,Kerala,fruits
"Gooseberry, Indian",Amla,Uttar Pradesh,fruits
"Gooseberry, Indian",Ambala,Gujrat,fruits
"Gooseberry, Indian",Awalah,Maharashtra,fruits
"Gooseberry, Indian",Nellikai,Tamil Nadu,fruits
"Gooseberry, Indian",Usiri,Andhra Pradesh,fruits
"Gooseberry, Indian",Neli,Kerala,fruits
Grapes,Angoor,Uttar Pradesh,fruits
Grapes,Draksha,Gujrat,fruits
Grapes,Draakshm,Maharashtra,fruits
Grapes,Dratchai pazham,Tamil Nadu,fruits
Grapes,Draksha,Andhra Pradesh,fruits
Grapes,Mundhiringa,Kerala,fruits
Guava,Amrud,Uttar Pradesh,fruits
Guava,Jamfal,Gujrat,fruits
Guava,Peru,Maharashtra,fruits
Guava,Koiya pazham,Tamil Nadu,fruits
Guava,Jama,Andhra Pradesh,fruits
Guava,Perakka,Kerala,fruits
Lychee,Litchee,Uttar Pradesh,fruits
Lychee,Lichi,Gujrat,fruits
Lychee,Lichi,Maharashtra,fruits
Lychee,Laichi pazham,Tamil Nadu,fruits
Lychee,Litchi Pandu,Andhra Pradesh,fruits
Lychee,Lichi,Kerala,fruits
"Mango, ripe",Aam,Uttar Pradesh,fruits
"Mango, ripe",Keri,Gujrat,fruits
"Mango, ripe",Amba,Maharashtra,fruits
"Mango, ripe",Mambazham,Tamil Nadu,fruits
"Mango, ripe",Mamidi,Andhra Pradesh,fruits
"Mango, ripe",Manga,Kerala,fruits
"Mango, unripe",Kachha aam,Uttar Pradesh,fruits
"Mango, unripe",Kachi keri,Gujrat,fruits
"Mango, unripe",Kairi,Maharashtra,fruits
"Mango, unripe",Mangai,Tamil Nadu,fruits
"Mango, unripe",Mamidi,Andhra Pradesh,fruits
"Mango, unripe",Manga,Kerala,fruits
Orange,Narangi or Santra,Uttar Pradesh,fruits
Orange,Santra,Gujrat,fruits
Orange,Santre,Maharashtra,fruits
Orange,Kichilipazham,Tamil Nadu,fruits
Orange,Narinja,Andhra Pradesh,fruits
Orange,Narang,Kerala,fruits
Papaya,Papita,Uttar Pradesh,fruits
Papaya,Papaiyu,Gujrat,fruits
Papaya,Popai,Maharashtra,fruits
Papaya,Papali kai,Tamil Nadu,fruits
Papaya,Bobbaya,Andhra Pradesh,fruits
Papaya,Kappanga,Kerala,fruits
Pears,Nashpati,Uttar Pradesh,fruits
Pears,Nashpati,Gujrat,fruits
Pears,Piyels,Maharashtra,fruits
Pears,Berikkai,Tamil Nadu,fruits
Pears,Peri pandu,Andhra Pradesh,fruits
Pears,Sabarjil,Kerala,fruits
Pineapple,Ananas,Uttar Pradesh,fruits
Pineapple,Ananas,Gujrat,fruits
Pineapple,Annanas,Maharashtra,fruits
Pineapple,Annasi pazham,Tamil Nadu,fruits
Pineapple,Anasa,Andhra Pradesh,fruits
Pineapple,Kaitha Chakka,Kerala,fruits
Pomegranate,Anar,Uttar Pradesh,fruits
Pomegranate,Daadam,Gujrat,fruits
Pomegranate,Daalimb,Maharashtra,fruits
Pomegranate,Madhulai,Tamil Nadu,fruits
Pomegranate,Danimma,Andhra Pradesh,fruits
Pomegranate,Maadhala naarnga,Kerala,fruits
Sapota (Sapodilla),Chikku,Uttar Pradesh,fruits
Sapota (Sapodilla),Chikoo,Gujrat,fruits
Sapota (Sapodilla),Chikoo,Maharashtra,fruits
Sapota (Sapodilla),Sapota,Tamil Nadu,fruits
Sapota (Sapodilla),Sapota,Andhra Pradesh,fruits
Sapota (Sapodilla),Chikku,Kerala,fruits
Sugar cane,Ganna,Uttar Pradesh,fruits
Sugar cane,Sherdi,Gujrat,fruits
Sugar cane,Usa,Maharashtra,fruits
Sugar cane,Karuppan Charu,Tamil Nadu,fruits
Sugar cane,Cheruku Gada,Andhra Pradesh,fruits
Sugar cane,Karumbin Neeru,Kerala,fruits
Sweet lime,Mausambi,Uttar Pradesh,fruits
Sweet lime,Mosambi,Gujrat,fruits
Sweet lime,Mosumbi,Maharashtra,fruits
Sweet lime,Chaatukudi,Tamil Nadu,fruits
Sweet lime,Battaiah,Andhra Pradesh,fruits
Sweet lime,Mosambi,Kerala,fruits
Almond,Badam,Uttar Pradesh,dry fruits or seeds
Almond,Badam,Gujrat,dry fruits or seeds
Almond,Badam,Maharashtra,dry fruits or seeds
Almond,Baadam,Tamil Nadu,dry fruits or seeds
Almond,Badham,Andhra Pradesh,dry fruits or seeds
Almond,Badam kayu,Kerala,dry fruits or seeds
Apricot,Khubani,Uttar Pradesh,dry fruits or seeds
Apricot,Jardalu,Gujrat,dry fruits or seeds
Apricot,Jardaloo,Maharashtra,dry fruits or seeds
Apricot,Saara Paruppu,Tamil Nadu,dry fruits or seeds
Apricot,Khubani,Andhra Pradesh,dry fruits or seeds
Apricot,Mutta Pazham,Kerala,dry fruits or seeds
Betel nut,Supari,Uttar Pradesh,dry fruits or seeds
Betel nut,Sopari,Gujrat,dry fruits or seeds
Betel nut,Supari,Maharashtra,dry fruits or seeds
Betel nut,Pakku,Tamil Nadu,dry fruits or seeds
Betel nut,Bettu ginja,Andhra Pradesh,dry fruits or seeds
Betel nut,Paakkatakka,Kerala,dry fruits or seeds
Cashew nut,Kaju,Uttar Pradesh,dry fruits or seeds
Cashew nut,Kaju,Gujrat,dry fruits or seeds
Cashew nut,Kaju,Maharashtra,dry fruits or seeds
Cashew nut,Mundiri paruppu,Tamil Nadu,dry fruits or seeds
Cashew nut,Jeedi pappu,Andhra Pradesh,dry fruits or seeds
Cashew nut,Kasuandi,Kerala,dry fruits or seeds
Desiccated coconut,Kopra,Uttar Pradesh,dry fruits or seeds
Desiccated coconut,Koparu,Gujrat,dry fruits or seeds
Desiccated coconut,Suka khobra,Maharashtra,dry fruits or seeds
Desiccated coconut,Coparai,Tamil Nadu,dry fruits or seeds
Desiccated coconut,Kobbari,Andhra Pradesh,dry fruits or seeds
Desiccated coconut,Copra,Kerala,dry fruits or seeds
Dates,Khajur,Uttar Pradesh,dry fruits or seeds
Dates,Khajur,Gujrat,dry fruits or seeds
Dates,Khajur,Maharashtra,dry fruits or seeds
Dates,Perichampazham,Tamil Nadu,dry fruits or seeds
Dates,Kharjoora pandu,Andhra Pradesh,dry fruits or seeds
Dates,Eenthapazham,Kerala,dry fruits or seeds
Dried date,Chuhara,Uttar Pradesh,dry fruits or seeds
Dried date,Kharek,Gujrat,dry fruits or seeds
Dried date,Kharik,Maharashtra,dry fruits or seeds
Dried date,Pericham Pinju,Tamil Nadu,dry fruits or seeds
Dried date,Khajoora,Andhra Pradesh,dry fruits or seeds
Dried date,Kaarakka,Kerala,dry fruits or seeds
Dried fig,Anjeer,Uttar Pradesh,dry fruits or seeds
Dried fig,Anjeer,Gujrat,dry fruits or seeds
Dried fig,Anjeer,Maharashtra,dry fruits or seeds
Dried fig,Atti Pazham,Tamil Nadu,dry fruits or seeds
Dried fig,Athi Pallu,Andhra Pradesh,dry fruits or seeds
Dried fig,Atti Pazham,Kerala,dry fruits or seeds
Flax seed,Alsi,Uttar Pradesh,dry fruits or seeds
Flax seed,Alasi,Gujrat,dry fruits or seeds
Flax seed,Javasu,Maharashtra,dry fruits or seeds
Flax seed,Ali Vidai,Tamil Nadu,dry fruits or seeds
Flax seed,Alasi,Andhra Pradesh,dry fruits or seeds
Flax seed,Cheruchana vithu,Kerala,dry fruits or seeds
Lotus seed,Phool makhana,Uttar Pradesh,dry fruits or seeds
Lotus seed,Makhana,Gujrat,dry fruits or seeds
Lotus seed,Kamal bee,Maharashtra,dry fruits or seeds
Lotus seed,Tamarai vitai,Tamil Nadu,dry fruits or seeds
Lotus seed,Tamara vittanam,Andhra Pradesh,dry fruits or seeds
Lotus seed,Thaamara vithu,Kerala,dry fruits or seeds
Peanut,Moongphali,Uttar Pradesh,dry fruits or seeds
Peanut,Singdana,Gujrat,dry fruits or seeds
Peanut,Shengdana,Maharashtra,dry fruits or seeds
Peanut,Verkadalai,Tamil Nadu,dry fruits or seeds
Peanut,Pallilu,Andhra Pradesh,dry fruits or seeds
Peanut,kappalandi,Kerala,dry fruits or seeds
Poppy seed,Khus-khus,Uttar Pradesh,dry fruits or seeds
Poppy seed,Khaskhas,Gujrat,dry fruits or seeds
Poppy seed,Khaskhas,Maharashtra,dry fruits or seeds
Poppy seed,Khasa khasa,Tamil Nadu,dry fruits or seeds
Poppy seed,Gasagasaalu,Andhra Pradesh,dry fruits or seeds
Poppy seed,Kasakasa,Kerala,dry fruits or seeds
Pistachio,Pista,Uttar Pradesh,dry fruits or seeds
Pistachio,Pista,Gujrat,dry fruits or seeds
Pistachio,Pista,Maharashtra,dry fruits or seeds
Pistachio,Pista,Tamil Nadu,dry fruits or seeds
Pistachio,Pista pappu,Andhra Pradesh,dry fruits or seeds
Pistachio,Pista,Kerala,dry fruits or seeds
Raisin,Kishmish,Uttar Pradesh,dry fruits or seeds
Raisin,Draksha,Gujrat,dry fruits or seeds
Raisin,Kismis,Maharashtra,dry fruits or seeds
Raisin,Trakshai,Tamil Nadu,dry fruits or seeds
Raisin,Kismiss,Andhra Pradesh,dry fruits or seeds
Raisin,Kismis,Kerala,dry fruits or seeds
Sesame seed,Til,Uttar Pradesh,dry fruits or seeds
Sesame seed,Tal,Gujrat,dry fruits or seeds
Sesame seed,Til,Maharashtra,dry fruits or seeds
Sesame seed,Ellu,Tamil Nadu,dry fruits or seeds
Sesame seed,Nuvvulu,Andhra Pradesh,dry fruits or seeds
Sesame seed,Ellu,Kerala,dry fruits or seeds
Watermelon seeds,Magaz,Uttar Pradesh,dry fruits or seeds
Watermelon seeds,Tadabuca bija,Gujrat,dry fruits or seeds
Watermelon seeds,Tarabuja biyane,Maharashtra,dry fruits or seeds
Watermelon seeds,Tarpucani vitai,Tamil Nadu,dry fruits or seeds
Watermelon seeds,Puccakaya vittanam,Andhra Pradesh,dry fruits or seeds
Watermelon seeds,Thanni mthan vithu,Kerala,dry fruits or seeds
Amaranth grain,Rajgira,Uttar Pradesh,cereal or grains
Amaranth grain,Rajgaro,Gujrat,cereal or grains
Amaranth grain,Rajgaro,Maharashtra,cereal or grains
Amaranth grain,Thenai,Tamil Nadu,cereal or grains
Amaranth grain,Rajgira,Andhra Pradesh,cereal or grains
Amaranth grain,Rajgira,Kerala,cereal or grains
Barley,Jau,Uttar Pradesh,cereal or grains
Barley,Jav,Gujrat,cereal or grains
Barley,Satu,Maharashtra,cereal or grains
Barley,Barliarisi,Tamil Nadu,cereal or grains
Barley,Barli Biyyam,Andhra Pradesh,cereal or grains
Barley,Barli,Kerala,cereal or grains
Broken wheat,Dalia,Uttar Pradesh,cereal or grains
Broken wheat,Fada ghaum,Gujrat,cereal or grains
Broken wheat,Gavache Satva,Maharashtra,cereal or grains
Broken wheat,Godhumai Ravai,Tamil Nadu,cereal or grains
Broken wheat,Godumalu Rawa,Andhra Pradesh,cereal or grains
Broken wheat,Gothumbu Nurukku,Kerala,cereal or grains
"Millet, Barnyard",Sama ke chawal,Uttar Pradesh,cereal or grains
"Millet, Barnyard",Samo /Moraiyo,Gujrat,cereal or grains
"Millet, Barnyard",Bhagar /Varai,Maharashtra,cereal or grains
"Millet, Barnyard",Kuthirai valli,Tamil Nadu,cereal or grains
"Millet, Barnyard",Odalu,Andhra Pradesh,cereal or grains
"Millet, Barnyard",Kavadapullu,Kerala,cereal or grains
"Millet, finger",Ragi,Uttar Pradesh,cereal or grains
"Millet, finger",Ragi,Gujrat,cereal or grains
"Millet, finger",Nachani,Maharashtra,cereal or grains
"Millet, finger",Kezhvaragu,Tamil Nadu,cereal or grains
"Millet, finger",Ragulu,Andhra Pradesh,cereal or grains
"Millet, finger",Panji pullu,Kerala,cereal or grains
"Millet, foxtail",Kangni,Uttar Pradesh,cereal or grains
"Millet, foxtail",Kang,Gujrat,cereal or grains
"Millet, foxtail",Rala,Maharashtra,cereal or grains
"Millet, foxtail",Thinai,Tamil Nadu,cereal or grains
"Millet, foxtail",Korra biyam,Andhra Pradesh,cereal or grains
"Millet, foxtail",Thina,Kerala,cereal or grains
"Millet, kodo",Kodra,Uttar Pradesh,cereal or grains
"Millet, kodo",Kodri,Gujrat,cereal or grains
"Millet, kodo",Kodra,Maharashtra,cereal or grains
"Millet, Little",Kutki,Uttar Pradesh,cereal or grains
"Millet, Little",Kuri,Gujrat,cereal or grains
"Millet, Little",Vari,Maharashtra,cereal or grains
"Millet, Little",Saamai,Tamil Nadu,cereal or grains
"Millet, Little",Sama,Andhra Pradesh,cereal or grains
"Millet, Little",Chama,Kerala,cereal or grains
"Millet, pearl",Bajra,Uttar Pradesh,cereal or grains
"Millet, pearl",Bajri,Gujrat,cereal or grains
"Millet, pearl",Bajri,Maharashtra,cereal or grains
"Millet, pearl",Kambu,Tamil Nadu,cereal or grains
"Millet, pearl",Sajjalu,Andhra Pradesh,cereal or grains
"Millet, pearl",Kambam,Kerala,cereal or grains
"Millet, Sorghum",Jowar,Uttar Pradesh,cereal or grains
"Millet, Sorghum",Juvar,Gujrat,cereal or grains
"Millet, Sorghum",Jowari,Maharashtra,cereal or grains
"Millet, Sorghum",Cholam,Tamil Nadu,cereal or grains
"Millet, Sorghum",Jonna,Andhra Pradesh,cereal or grains
"Millet, Sorghum",Cholam,Kerala,cereal or grains
Rice,Chawal,Uttar Pradesh,cereal or grains
Rice,Chokha,Gujrat,cereal or grains
Rice,Tandul,Maharashtra,cereal or grains
Rice,Arisi,Tamil Nadu,cereal or grains
Rice,Biyam,Andhra Pradesh,cereal or grains
Rice,Pachari,Kerala,cereal or grains
"Rice, beaten (rice flakes)",Poha,Uttar Pradesh,cereal or grains
"Rice, beaten (rice flakes)",Pauva,Gujrat,cereal or grains
"Rice, beaten (rice flakes)",Pohe,Maharashtra,cereal or grains
"Rice, beaten (rice flakes)",Aval,Tamil Nadu,cereal or grains
"Rice, beaten (rice flakes)",Atukulu,Andhra Pradesh,cereal or grains
"Rice, beaten (rice flakes)",Aval,Kerala,cereal or grains
"Rice, parboiled",Ukda chawal,Uttar Pradesh,cereal or grains
"Rice, parboiled",Bhatabhata cokha,Gujrat,cereal or grains
"Rice, parboiled",Bhata bhopala,Maharashtra,cereal or grains
"Rice, parboiled",Puzhungal Arisi,Tamil Nadu,cereal or grains
"Rice, parboiled",Uppudu biyam,Andhra Pradesh,cereal or grains
"Rice, parboiled",Puzhungalari,Kerala,cereal or grains
"Rice, puffed",Murmura,Uttar Pradesh,cereal or grains
"Rice, puffed",Mamra,Gujrat,cereal or grains
"Rice, puffed",Churmura,Maharashtra,cereal or grains
"Rice, puffed",Pori,Tamil Nadu,cereal or grains
"Rice, puffed",Borugulu,Andhra Pradesh,cereal or grains
"Rice, puffed",Pori,Kerala,cereal or grains
Semolina,Sooji,Uttar Pradesh,cereal or grains
Semolina,Soji (ravo),Gujrat,cereal or grains
Semolina,Rava,Maharashtra,cereal or grains
Semolina,Ravai,Tamil Nadu,cereal or grains
Semolina,Bombai Rawa,Andhra Pradesh,cereal or grains
Semolina,Rava,Kerala,cereal or grains
Tapioca,Sago,Uttar Pradesh,cereal or grains
Tapioca,Sabudana,Gujrat,cereal or grains
Tapioca,Sabudana,Maharashtra,cereal or grains
Tapioca,Javvarisi,Tamil Nadu,cereal or grains
Tapioca,Saggubiyyam,Andhra Pradesh,cereal or grains
Tapioca,Kappa,Kerala,cereal or grains
"Bengal gram, split and skinned",Chana dal,Uttar Pradesh,lentils
"Bengal gram, split and skinned",Chana ni dal,Gujrat,lentils
"Bengal gram, split and skinned",Harbaryachi /chanyachi dal,Maharashtra,lentils
"Bengal gram, split and skinned",Kadalai paruppu,Tamil Nadu,lentils
"Bengal gram, split and skinned",Samaga Pappu,Andhra Pradesh,lentils
"Bengal gram, split and skinned",Kadala parippu,Kerala,lentils
"Bengal gram, whole (Black chickpeas)",Kala chana,Uttar Pradesh,lentils
"Bengal gram, whole (Black chickpeas)",desi chana,Gujrat,lentils
"Bengal gram, whole (Black chickpeas)",Harbhara,Maharashtra,lentils
"Bengal gram, whole (Black chickpeas)",Konda kadalai,Tamil Nadu,lentils
"Bengal gram, whole (Black chickpeas)",Sanagalu,Andhra Pradesh,lentils
"Bengal gram, whole (Black chickpeas)",Kadala,Kerala,lentils
"Bengal gram, roasted and split",Dalia,Uttar Pradesh,lentils
"Bengal gram, roasted and split",Dalia,Gujrat,lentils
"Bengal gram, roasted and split",Chivda dal,Maharashtra,lentils
"Bengal gram, roasted and split",Pottu kadalai,Tamil Nadu,lentils
"Bengal gram, roasted and split",Putnalupappu,Andhra Pradesh,lentils
"Bengal gram, roasted and split",Varutha Kadala,Kerala,lentils
Black eyed beans/peas,Lobia (Chawli),Uttar Pradesh,lentils
Black eyed beans/peas,Chola,Gujrat,lentils
Black eyed beans/peas,Chola,Maharashtra,lentils
Black eyed beans/peas,Karamani,Tamil Nadu,lentils
Black eyed beans/peas,Bobbarlu,Andhra Pradesh,lentils
Black eyed beans/peas,Payar,Kerala,lentils
"Black gram, split and skinned","Urad dal, dhuli",Uttar Pradesh,lentils
"Black gram, split and skinned",Adad ni dal,Gujrat,lentils
"Black gram, split and skinned",Udid dal,Maharashtra,lentils
"Black gram, split and skinned",Ulutham paruppu,Tamil Nadu,lentils
"Black gram, split and skinned",Minapa pappu,Andhra Pradesh,lentils
"Black gram, split and skinned",Uzhunnu parippu,Kerala,lentils
"Black gram, split and with skin",Urad dal chilka,Uttar Pradesh,lentils
"Black gram, split and with skin",Fotrawali adad ni dal,Gujrat,lentils
"Black gram, split and with skin",Udid dal,Maharashtra,lentils
"Black gram, split and with skin",Ulutham Paruppu,Tamil Nadu,lentils
"Black gram, split and with skin",Ulutham Paruppu,Andhra Pradesh,lentils
"Black gram, split and with skin",Uzhunnu parippu,Kerala,lentils
"Black gram, whole",Sabut urad,Uttar Pradesh,lentils
"Black gram, whole",Akha adad,Gujrat,lentils
"Black gram, whole",Udid,Maharashtra,lentils
"Black gram, whole",Muzhu ulundu,Tamil Nadu,lentils
"Black gram, whole",Minumulu,Andhra Pradesh,lentils
"Black gram, whole",Uzhunnu,Kerala,lentils
"Chickpea, green",Hara cholia,Uttar Pradesh,lentils
"Chickpea, green",Lila chana,Gujrat,lentils
"Chickpea, green",Harbhara,Maharashtra,lentils
"Chickpea, green",Cikki,Tamil Nadu,lentils
"Chickpea, green",Cikpa,Andhra Pradesh,lentils
"Chickpea, green",Cikkan,Kerala,lentils
"Chickpea, white (Garbanzo beans)","Kabuli chana, chole",Uttar Pradesh,lentils
"Chickpea, white (Garbanzo beans)",kabuli chana,Gujrat,lentils
"Chickpea, white (Garbanzo beans)",Harbhara,Maharashtra,lentils
"Chickpea, white (Garbanzo beans)",Kothukadalai,Tamil Nadu,lentils
"Chickpea, white (Garbanzo beans)",Mudip Chenagulu,Andhra Pradesh,lentils
"Chickpea, white (Garbanzo beans)",Vella Kadala,Kerala,lentils
"Cowpeas, red",Lobia,Uttar Pradesh,lentils
"Cowpeas, red",Choli,Gujrat,lentils
"Cowpeas, red",Chawli,Maharashtra,lentils
"Cowpeas, red",Karamani Payir,Tamil Nadu,lentils
"Cowpeas, red",Alasandulu,Andhra Pradesh,lentils
"Cowpeas, red",Vanpayar,Kerala,lentils
"Green gram, split and skinned","Moong dal, dhuli",Uttar Pradesh,lentils
"Green gram, split and skinned",Mag ni dal,Gujrat,lentils
"Green gram, split and skinned",Mugachi dal,Maharashtra,lentils
"Green gram, split and skinned",Payatham paruppu,Tamil Nadu,lentils
"Green gram, split and skinned",Pesarapappu,Andhra Pradesh,lentils
"Green gram, split and skinned",Cheruparipu,Kerala,lentils
"Green gram, whole",Sabut moong,Uttar Pradesh,lentils
"Green gram, whole",Mag,Gujrat,lentils
"Green gram, whole",Mug,Maharashtra,lentils
"Green gram, whole",Pachai payaru,Tamil Nadu,lentils
"Green gram, whole",Pesarlu,Andhra Pradesh,lentils
"Green gram, whole",Cherupayar,Kerala,lentils
Horse gram,Kulith (kulthi),Uttar Pradesh,lentils
Horse gram,Kalathi,Gujrat,lentils
Horse gram,Kulthacha pith,Maharashtra,lentils
Horse gram,Kutirai kiram,Tamil Nadu,lentils
Horse gram,Gurra? gr?ma,Andhra Pradesh,lentils
Horse gram,Muthira,Kerala,lentils
"Lentil, pink and split",Masoor dal,Uttar Pradesh,lentils
"Lentil, pink and split",Masur ni dal,Gujrat,lentils
"Lentil, pink and split",Masurachi dal,Maharashtra,lentils
"Lentil, pink and split",Massor Paruppu,Tamil Nadu,lentils
"Lentil, pink and split",Misur Pappu,Andhra Pradesh,lentils
"Lentil, pink and split",Masoor Parippu,Kerala,lentils
"Peas, green",Hara matar,Uttar Pradesh,lentils
"Peas, green",Lila vatana,Gujrat,lentils
"Peas, green",Matara,Maharashtra,lentils
"Peas, green",Pattani,Tamil Nadu,lentils
"Peas, green",Pachi batani,Andhra Pradesh,lentils
"Peas, green",Pattani,Kerala,lentils
"Peas, black",Kala matar,Uttar Pradesh,lentils
"Peas, black",Kala vatana,Gujrat,lentils
"Peas, black",Kala vatana,Maharashtra,lentils
"Peas, black",Taad ka tel,Tamil Nadu,lentils
"Peas, black",Karuppu pattani,Andhra Pradesh,lentils
"Peas, black",Karutta pis,Kerala,lentils
"Peas, white",Safed matar,Uttar Pradesh,lentils
"Peas, white",Safed vatana,Gujrat,lentils
"Peas, white",Pandhara vatana,Maharashtra,lentils
"Peas, white",Pattani,Tamil Nadu,lentils
"Peas, white",Pachi batani,Andhra Pradesh,lentils
"Peas, white",Pattani,Kerala,lentils
Pigeon peas,Arhar dal (Toor dal),Uttar Pradesh,lentils
Pigeon peas,Tuver ni dal,Gujrat,lentils
Pigeon peas,Turichi dal,Maharashtra,lentils
Pigeon peas,Tuvaram paruppu,Tamil Nadu,lentils
Pigeon peas,kandi pappu,Andhra Pradesh,lentils
Pigeon peas,Thuvara,Kerala,lentils
Mustard Oil,sarason ka tel,Uttar Pradesh,Oil
Mustard Oil,Sarasava t?la,Gujrat,Oil
Mustard Oil,Moharice tela,Maharashtra,Oil
Mustard Oil,Katuku enney,Tamil Nadu,Oil
Mustard Oil,Ava nune,Andhra Pradesh,Oil
Mustard Oil,katuk enna,Kerala,Oil
SunflowerOil,Soorjamukhi ka tel,Uttar Pradesh,Oil
SunflowerOil,Suryamukhi tela,Gujrat,Oil
SunflowerOil,Suryaphula tela,Maharashtra,Oil
SunflowerOil,Curiyakanti enney,Tamil Nadu,Oil
SunflowerOil,Poddutirugu?u nune,Andhra Pradesh,Oil
SunflowerOil,suryakanti enna,Kerala,Oil
Soybean Oil,Soyaabeen ka tel,Uttar Pradesh,Oil
Soybean Oil,Soyabin tela,Gujrat,Oil
Soybean Oil,Soyabin tela,Maharashtra,Oil
Soybean Oil,Coyapin enney,Tamil Nadu,Oil
Soybean Oil,Soyabin nune,Andhra Pradesh,Oil
Soybean Oil,Seayabin enna,Kerala,Oil
Olive Oil,Jaitoon ka tel,Uttar Pradesh,Oil
Olive Oil,Olive tela,Gujrat,Oil
Olive Oil,Olive tela,Maharashtra,Oil
Olive Oil,Aliv enney,Tamil Nadu,Oil
Olive Oil,Aliv nune,Andhra Pradesh,Oil
Olive Oil,Oliv oyil,Kerala,Oil
Rice Bran Oil,Rais braan oil,Uttar Pradesh,Oil
Rice Bran Oil,Cokha kothali tela,Gujrat,Oil
Rice Bran Oil,Tandula konda tela,Maharashtra,Oil
Rice Bran Oil,Arici tavitu enney,Tamil Nadu,Oil
Rice Bran Oil,Biyyam bran ka nune,Andhra Pradesh,Oil
Rice Bran Oil,Ari tavit enna,Kerala,Oil
FlaxSeeds Oil,Alasee ka tel,Uttar Pradesh,Oil
FlaxSeeds Oil,Phleksasida tela,Gujrat,Oil
FlaxSeeds Oil,Phleksasida tela,Maharashtra,Oil
FlaxSeeds Oil,Alvitai enney,Tamil Nadu,Oil
FlaxSeeds Oil,Avise ginjala nune,Andhra Pradesh,Oil
FlaxSeeds Oil,Canavitt enna,Kerala,Oil
GroundNut Oil,Moongaphalee ka tel,Uttar Pradesh,Oil
GroundNut Oil,Magaphalinum tela,Gujrat,Oil
GroundNut Oil,Sengadana tela,Maharashtra,Oil
GroundNut Oil,Nilakkatalai enney,Tamil Nadu,Oil
GroundNut Oil,Verusanaga nune,Andhra Pradesh,Oil
GroundNut Oil,Nilakkatala enney,Kerala,Oil
Palm Oil,Taad ka tel,Uttar Pradesh,Oil
Palm Oil,Khajura tela,Gujrat,Oil
Palm Oil,Pama tela,Maharashtra,Oil
Palm Oil,Pamayil,Tamil Nadu,Oil
Palm Oil,Tavu?u nune,Andhra Pradesh,Oil
Palm Oil,Pana enna,Kerala,Oil
Sesame Oil,til ka tel,Uttar Pradesh,Oil
Sesame Oil,Tala nu? tela,Gujrat,Oil
Sesame Oil,T?lace tela,Maharashtra,Oil
Sesame Oil,El enney,Tamil Nadu,Oil
Sesame Oil,Nuvvula nune,Andhra Pradesh,Oil
Sesame Oil,ellenna,Kerala,Oil
Almond Oil (Edible),baadaam tel,Uttar Pradesh,Oil
Almond Oil (Edible),Badamanum tela,Gujrat,Oil
Almond Oil (Edible),Badama tela,Maharashtra,Oil
Almond Oil (Edible),Patam enney,Tamil Nadu,Oil
Almond Oil (Edible),Badam nune,Andhra Pradesh,Oil
Almond Oil (Edible),badam enna,Kerala,Oil
Cashew Oil,kaajoo ka tel,Uttar Pradesh,Oil
Cashew Oil,Kaju tela,Gujrat,Oil
Cashew Oil,Kaju tela,Maharashtra,Oil
Cashew Oil,Muntiri enmey,Tamil Nadu,Oil
Cashew Oil,Jidipappu,Andhra Pradesh,Oil
Cashew Oil,ka?uvanti,Kerala,Oil
Canola Oil,kanola tel,Uttar Pradesh,Oil
Canola Oil,Kenola tela,Gujrat,Oil
Canola Oil,Kenola tela,Maharashtra,Oil
Canola Oil,Ka?uku e??ey,Tamil Nadu,Oil
Canola Oil,Avanune,Andhra Pradesh,Oil
Canola Oil,kaneala oyil,Kerala,Oil
Butter,makkhan,Uttar Pradesh,Dairy Products
Butter,Makhana,Gujrat,Dairy Products
Butter,Loni,Maharashtra,Dairy Products
Butter,Venney,Tamil Nadu,Dairy Products
Butter,Venna,Andhra Pradesh,Dairy Products
Butter,Venna,Kerala,Dairy Products
Margarine,nakalee makkhan,Uttar Pradesh,Dairy Products
Margarine,Marjarina,Gujrat,Dairy Products
Margarine,Marjarina,Maharashtra,Dairy Products
Margarine,Ve??eyai,Tamil Nadu,Dairy Products
Margarine,margarin,Andhra Pradesh,Dairy Products
Margarine,margarin,Kerala,Dairy Products
Buttermilk,chhaachh,Uttar Pradesh,Dairy Products
Buttermilk,Chasa,Gujrat,Dairy Products
Buttermilk,Taka,Maharashtra,Dairy Products
Buttermilk,Mor,Tamil Nadu,Dairy Products
Buttermilk,Majjiga,Andhra Pradesh,Dairy Products
Buttermilk,Mattan,Kerala,Dairy Products
Instant Full Cream Milk Powder,Instant Full Cream Milk Powder,Uttar Pradesh,Dairy Products
Instant Full Cream Milk Powder,Instanta phula krima dudhaci pavadara,Gujrat,Dairy Products
Instant Full Cream Milk Powder,Instanta phula krima dudhaci pavadara,Maharashtra,Dairy Products
Instant Full Cream Milk Powder,Utanati mulu kirim pal tul,Tamil Nadu,Dairy Products
Instant Full Cream Milk Powder,Taksana purti krim milk paudar,Andhra Pradesh,Dairy Products
Instant Full Cream Milk Powder,talksana purnna krim palppeati,Kerala,Dairy Products
Skimmed Milk Powder,malae nikala hua doodh kee paudar,Uttar Pradesh,Dairy Products
Skimmed Milk Powder,Skimda dudha pavadara,Gujrat,Dairy Products
Skimmed Milk Powder,Skimda dudhaci psvadara,Maharashtra,Dairy Products
Skimmed Milk Powder,Atai nikkiya pal poti,Tamil Nadu,Dairy Products
Skimmed Milk Powder,Cilikina pala podi,Andhra Pradesh,Dairy Products
Skimmed Milk Powder,skind milkk peati,Kerala,Dairy Products
Cream,malaee,Uttar Pradesh,Dairy Products
Cream,Krima,Gujrat,Dairy Products
Cream,Malai,Maharashtra,Dairy Products
Cream,Kirim,Tamil Nadu,Dairy Products
Cream,Krim,Andhra Pradesh,Dairy Products
Cream,Krim,Kerala,Dairy Products
Cheese,Paneer,Uttar Pradesh,Dairy Products
Cheese,Cijha,Gujrat,Dairy Products
Cheese,Cija,Maharashtra,Dairy Products
Cheese,Cis,Tamil Nadu,Dairy Products
Cheese,Cij,Andhra Pradesh,Dairy Products
Cheese,Cis,Kerala,Dairy Products
Condensed Milk,gaadha doodh,Uttar Pradesh,Dairy Products
Condensed Milk,Ghatta karelum dudha,Gujrat,Dairy Products
Condensed Milk,Atavalele dudha,Maharashtra,Dairy Products
Condensed Milk,Cuntiya pal,Tamil Nadu,Dairy Products
Condensed Milk,Ghanikrta palu,Andhra Pradesh,Dairy Products
Condensed Milk,baspikaricca pal,Kerala,Dairy Products
Yogurt,Dahee,Uttar Pradesh,Dairy Products
Yogurt,Dahim,Gujrat,Dairy Products
Yogurt,Dahi,Maharashtra,Dairy Products
Yogurt,Tayir,Tamil Nadu,Dairy Products
Yogurt,Peregu,Andhra Pradesh,Dairy Products
Yogurt,Tair,Kerala,Dairy Products
Chicken ,Murgee,Uttar Pradesh,Meat
Chicken ,Cikana,Gujrat,Meat
Chicken ,Kombadi,Maharashtra,Meat
Chicken ,Koli,Tamil Nadu,Meat
Chicken ,Ciken,Andhra Pradesh,Meat
Chicken ,Keali,Kerala,Meat
Mutton,bhede ka maans,Uttar Pradesh,Meat
Mutton,Matana,Gujrat,Meat
Mutton,Matana,Maharashtra,Meat
Mutton,Attiraicci,Tamil Nadu,Meat
Mutton,Matana,Andhra Pradesh,Meat
Mutton,mattan,Kerala,Meat
Prawns,jheenge,Uttar Pradesh,Sea Food
Prawns,Prona,Gujrat,Sea Food
Prawns,Kolambi,Maharashtra,Sea Food
Prawns,Iralkalin,Tamil Nadu,Sea Food
Prawns,Royyalu,Andhra Pradesh,Sea Food
Prawns,cem'min,Kerala,Sea Food
Crab,Kekada,Uttar Pradesh,Sea Food
Crab,Karacalo,Gujrat,Sea Food
Crab,Khekada,Maharashtra,Sea Food
Crab,Nantu,Tamil Nadu,Sea Food
Crab,Pita,Andhra Pradesh,Sea Food
Crab,Nant,Kerala,Sea Food
Oyster,seep,Uttar Pradesh,Sea Food
Oyster,Oistara,Gujrat,Sea Food
Oyster,Oyastara,Maharashtra,Sea Food
Oyster,Cippi,Tamil Nadu,Sea Food
Oyster,Ayistar,Andhra Pradesh,Sea Food
Oyster,muttucippi,Kerala,Sea Food
Katla,Katala,Uttar Pradesh,Fish
Katla,Ketala,Gujrat,Fish
Katla,Ketala,Maharashtra,Fish
Katla,Kendai,Tamil Nadu,Fish
Katla,Botchi or Botcha,Andhra Pradesh,Fish
Katla,"Karakatla, Karaka",Kerala,Fish
Rohu,Rohoo,Uttar Pradesh,Fish
Rohu,Rohu,Gujrat,Fish
Rohu,Rohu,Maharashtra,Fish
Rohu,Rohu,Tamil Nadu,Fish
Rohu,Rohu,Andhra Pradesh,Fish
Rohu,Reahu,Kerala,Fish
Shark,Shaark,Uttar Pradesh,Fish
Shark,Sarka,Gujrat,Fish
Shark,Sarka,Maharashtra,Fish
Shark,Cura,Tamil Nadu,Fish
Shark,Sark,Andhra Pradesh,Fish
Shark,Srav,Kerala,Fish
Paneer,Paneer,Uttar Pradesh,Dairy Product
Paneer,Panira,Gujrat,Dairy Product
Paneer,Panira,Maharashtra,Dairy Product
Paneer,Pannir,Tamil Nadu,Dairy Product
Paneer,Panir,Andhra Pradesh,Dairy Product
Paneer,Panir,Kerala,Dairy Product
